month,median_price,area
31-01-2022,9648.43,Al Barsha South Fourth
28-02-2022,9524.88,Al Barsha South Fourth
31-03-2022,10645.44,Al Barsha South Fourth
30-04-2022,10336.14,Al Barsha South Fourth
31-05-2022,10249.08,Al Barsha South Fourth
30-06-2022,10469.69,Al Barsha South Fourth
31-07-2022,10491.18,Al Barsha South Fourth
31-08-2022,10699.32,Al Barsha South Fourth
30-09-2022,10436.08,Al Barsha South Fourth
31-10-2022,9579.28,Al Barsha South Fourth
30-11-2022,9984.645,Al Barsha South Fourth
31-12-2022,10175.3,Al Barsha South Fourth
31-01-2023,11302.105,Al Barsha South Fourth
28-02-2023,11301.3,Al Barsha South Fourth
31-03-2023,11583.75,Al Barsha South Fourth
30-04-2023,11849.2,Al Barsha South Fourth
31-05-2023,11340.01,Al Barsha South Fourth
30-06-2023,11770.73,Al Barsha South Fourth
31-07-2023,12118.02,Al Barsha South Fourth
31-08-2023,12594.119999999999,Al Barsha South Fourth
30-09-2023,13123.78,Al Barsha South Fourth
31-10-2023,12821.55,Al Barsha South Fourth
30-11-2023,13228.865,Al Barsha South Fourth
31-12-2023,13135.23,Al Barsha South Fourth
31-01-2024,13454.42,Al Barsha South Fourth
29-02-2024,13109.42,Al Barsha South Fourth
31-03-2024,13215.86,Al Barsha South Fourth
30-04-2024,12928.08,Al Barsha South Fourth
31-05-2024,13297.2,Al Barsha South Fourth
30-06-2024,13140.71,Al Barsha South Fourth
31-07-2024,13757.46,Al Barsha South Fourth
31-08-2024,14664.965,Al Barsha South Fourth
30-09-2024,13783.74,Al Barsha South Fourth
31-10-2024,13480.72,Al Barsha South Fourth
30-11-2024,13750.0,Al Barsha South Fourth
31-12-2024,13365.41,Al Barsha South Fourth
31-01-2025,13993.08,Al Barsha South Fourth
28-02-2025,14347.53,Al Barsha South Fourth
31-03-2025,14596.6,Al Barsha South Fourth
30-04-2025,14713.47,Al Barsha South Fourth
31-05-2025,14901.46,Al Barsha South Fourth
30-06-2025,15175.705,Al Barsha South Fourth
31-07-2025,14255.57,Al Barsha South Fourth
31-08-2025,14946.12,Al Barsha South Fourth
30-09-2025,15616.29,Al Barsha South Fourth
31-10-2025,15234.61,Al Barsha South Fourth
30-11-2025,14925.41,Al Barsha South Fourth
31-12-2025,15166.35,Al Barsha South Fourth
31-01-2026,14164.31,Al Barsha South Fourth
31-01-2022,15855.75,Business Bay
28-02-2022,17062.585,Business Bay
31-03-2022,17709.985,Business Bay
30-04-2022,18300.885000000002,Business Bay
31-05-2022,18593.42,Business Bay
30-06-2022,18333.735,Business Bay
31-07-2022,18523.614999999998,Business Bay
31-08-2022,19205.02,Business Bay
30-09-2022,21431.690000000002,Business Bay
31-10-2022,23575.16,Business Bay
30-11-2022,18945.76,Business Bay
31-12-2022,21957.065000000002,Business Bay
31-01-2023,22633.82,Business Bay
28-02-2023,22370.85,Business Bay
31-03-2023,22902.655,Business Bay
30-04-2023,21224.77,Business Bay
31-05-2023,17786.355,Business Bay
30-06-2023,18772.785000000003,Business Bay
31-07-2023,21342.025,Business Bay
31-08-2023,27696.25,Business Bay
30-09-2023,25799.36,Business Bay
31-10-2023,21369.385000000002,Business Bay
30-11-2023,22452.795,Business Bay
31-12-2023,23222.82,Business Bay
31-01-2024,23685.51,Business Bay
29-02-2024,22478.39,Business Bay
31-03-2024,24401.54,Business Bay
30-04-2024,23664.65,Business Bay
31-05-2024,23267.55,Business Bay
30-06-2024,24403.01,Business Bay
31-07-2024,22397.805,Business Bay
31-08-2024,23463.16,Business Bay
30-09-2024,22667.739999999998,Business Bay
31-10-2024,23478.77,Business Bay
30-11-2024,23419.79,Business Bay
31-12-2024,24658.57,Business Bay
31-01-2025,24024.02,Business Bay
28-02-2025,23718.09,Business Bay
31-03-2025,25270.585,Business Bay
30-04-2025,24973.99,Business Bay
31-05-2025,23757.225,Business Bay
30-06-2025,25657.91,Business Bay
31-07-2025,24986.760000000002,Business Bay
31-08-2025,27235.35,Business Bay
30-09-2025,27891.45,Business Bay
31-10-2025,25229.6,Business Bay
30-11-2025,26270.824999999997,Business Bay
31-12-2025,26645.04,Business Bay
31-01-2026,25255.41,Business Bay
31-01-2022,18066.965,Al Merkadh
28-02-2022,16059.07,Al Merkadh
31-03-2022,18158.8,Al Merkadh
30-04-2022,18298.71,Al Merkadh
31-05-2022,18298.71,Al Merkadh
30-06-2022,18214.6,Al Merkadh
31-07-2022,17329.88,Al Merkadh
31-08-2022,16515.3,Al Merkadh
30-09-2022,16702.71,Al Merkadh
31-10-2022,19316.81,Al Merkadh
30-11-2022,20676.97,Al Merkadh
31-12-2022,20124.76,Al Merkadh
31-01-2023,19566.0,Al Merkadh
28-02-2023,19105.95,Al Merkadh
31-03-2023,19375.15,Al Merkadh
30-04-2023,18246.03,Al Merkadh
31-05-2023,19105.995000000003,Al Merkadh
30-06-2023,17080.925,Al Merkadh
31-07-2023,19644.23,Al Merkadh
31-08-2023,19913.16,Al Merkadh
30-09-2023,20182.32,Al Merkadh
31-10-2023,19306.395,Al Merkadh
30-11-2023,19067.809999999998,Al Merkadh
31-12-2023,20834.15,Al Merkadh
31-01-2024,19691.88,Al Merkadh
29-02-2024,18677.055,Al Merkadh
31-03-2024,17648.51,Al Merkadh
30-04-2024,18018.02,Al Merkadh
31-05-2024,18915.75,Al Merkadh
30-06-2024,19058.58,Al Merkadh
31-07-2024,20720.644999999997,Al Merkadh
31-08-2024,18613.92,Al Merkadh
30-09-2024,19083.33,Al Merkadh
31-10-2024,19662.66,Al Merkadh
30-11-2024,19017.94,Al Merkadh
31-12-2024,20641.26,Al Merkadh
31-01-2025,19912.34,Al Merkadh
28-02-2025,19893.73,Al Merkadh
31-03-2025,19955.41,Al Merkadh
30-04-2025,21225.495,Al Merkadh
31-05-2025,20483.78,Al Merkadh
30-06-2025,20204.705,Al Merkadh
31-07-2025,20292.775,Al Merkadh
31-08-2025,20576.855,Al Merkadh
30-09-2025,20780.345,Al Merkadh
31-10-2025,20540.91,Al Merkadh
30-11-2025,20561.54,Al Merkadh
31-12-2025,20951.18,Al Merkadh
31-01-2026,20471.565000000002,Al Merkadh
31-01-2022,20923.7,Burj Khalifa
28-02-2022,17203.550000000003,Burj Khalifa
31-03-2022,21568.89,Burj Khalifa
30-04-2022,25407.795,Burj Khalifa
31-05-2022,27337.52,Burj Khalifa
30-06-2022,25902.105000000003,Burj Khalifa
31-07-2022,26952.565,Burj Khalifa
31-08-2022,27103.095,Burj Khalifa
30-09-2022,21668.93,Burj Khalifa
31-10-2022,21910.835,Burj Khalifa
30-11-2022,22469.620000000003,Burj Khalifa
31-12-2022,22865.39,Burj Khalifa
31-01-2023,25660.67,Burj Khalifa
28-02-2023,24136.65,Burj Khalifa
31-03-2023,23793.21,Burj Khalifa
30-04-2023,21557.74,Burj Khalifa
31-05-2023,22423.964999999997,Burj Khalifa
30-06-2023,21464.84,Burj Khalifa
31-07-2023,20224.45,Burj Khalifa
31-08-2023,22564.825,Burj Khalifa
30-09-2023,21170.9,Burj Khalifa
31-10-2023,25353.84,Burj Khalifa
30-11-2023,26687.0,Burj Khalifa
31-12-2023,24382.62,Burj Khalifa
31-01-2024,23843.93,Burj Khalifa
29-02-2024,22395.085,Burj Khalifa
31-03-2024,23539.555,Burj Khalifa
30-04-2024,24064.445,Burj Khalifa
31-05-2024,21445.42,Burj Khalifa
30-06-2024,22931.989999999998,Burj Khalifa
31-07-2024,20556.835,Burj Khalifa
31-08-2024,26297.57,Burj Khalifa
30-09-2024,24753.47,Burj Khalifa
31-10-2024,23294.32,Burj Khalifa
30-11-2024,24484.03,Burj Khalifa
31-12-2024,24149.01,Burj Khalifa
31-01-2025,24414.48,Burj Khalifa
28-02-2025,23998.975,Burj Khalifa
31-03-2025,24433.66,Burj Khalifa
30-04-2025,24392.614999999998,Burj Khalifa
31-05-2025,24123.42,Burj Khalifa
30-06-2025,21075.87,Burj Khalifa
31-07-2025,22415.04,Burj Khalifa
31-08-2025,21870.905,Burj Khalifa
30-09-2025,24049.510000000002,Burj Khalifa
31-10-2025,24133.07,Burj Khalifa
30-11-2025,25445.75,Burj Khalifa
31-12-2025,23880.36,Burj Khalifa
31-01-2026,23890.11,Burj Khalifa
31-01-2022,16789.254999999997,Hadaeq Sheikh Mohammed Bin Rashid
28-02-2022,17234.96,Hadaeq Sheikh Mohammed Bin Rashid
31-03-2022,16975.49,Hadaeq Sheikh Mohammed Bin Rashid
30-04-2022,16062.83,Hadaeq Sheikh Mohammed Bin Rashid
31-05-2022,15838.42,Hadaeq Sheikh Mohammed Bin Rashid
30-06-2022,17268.495000000003,Hadaeq Sheikh Mohammed Bin Rashid
31-07-2022,16943.49,Hadaeq Sheikh Mohammed Bin Rashid
31-08-2022,16450.98,Hadaeq Sheikh Mohammed Bin Rashid
30-09-2022,19212.1,Hadaeq Sheikh Mohammed Bin Rashid
31-10-2022,18897.5,Hadaeq Sheikh Mohammed Bin Rashid
30-11-2022,19137.35,Hadaeq Sheikh Mohammed Bin Rashid
31-12-2022,19281.46,Hadaeq Sheikh Mohammed Bin Rashid
31-01-2023,20080.585,Hadaeq Sheikh Mohammed Bin Rashid
28-02-2023,19162.21,Hadaeq Sheikh Mohammed Bin Rashid
31-03-2023,20925.07,Hadaeq Sheikh Mohammed Bin Rashid
30-04-2023,22001.35,Hadaeq Sheikh Mohammed Bin Rashid
31-05-2023,19882.59,Hadaeq Sheikh Mohammed Bin Rashid
30-06-2023,20451.6,Hadaeq Sheikh Mohammed Bin Rashid
31-07-2023,20596.92,Hadaeq Sheikh Mohammed Bin Rashid
31-08-2023,20451.6,Hadaeq Sheikh Mohammed Bin Rashid
30-09-2023,21589.085,Hadaeq Sheikh Mohammed Bin Rashid
31-10-2023,21713.08,Hadaeq Sheikh Mohammed Bin Rashid
30-11-2023,22278.01,Hadaeq Sheikh Mohammed Bin Rashid
31-12-2023,22830.52,Hadaeq Sheikh Mohammed Bin Rashid
31-01-2024,22968.26,Hadaeq Sheikh Mohammed Bin Rashid
29-02-2024,22557.12,Hadaeq Sheikh Mohammed Bin Rashid
31-03-2024,22058.89,Hadaeq Sheikh Mohammed Bin Rashid
30-04-2024,23430.38,Hadaeq Sheikh Mohammed Bin Rashid
31-05-2024,24346.88,Hadaeq Sheikh Mohammed Bin Rashid
30-06-2024,23469.9,Hadaeq Sheikh Mohammed Bin Rashid
31-07-2024,25714.385000000002,Hadaeq Sheikh Mohammed Bin Rashid
31-08-2024,23472.754999999997,Hadaeq Sheikh Mohammed Bin Rashid
30-09-2024,23886.14,Hadaeq Sheikh Mohammed Bin Rashid
31-10-2024,24772.87,Hadaeq Sheikh Mohammed Bin Rashid
30-11-2024,24057.02,Hadaeq Sheikh Mohammed Bin Rashid
31-12-2024,23817.045,Hadaeq Sheikh Mohammed Bin Rashid
31-01-2025,23682.81,Hadaeq Sheikh Mohammed Bin Rashid
28-02-2025,24121.295,Hadaeq Sheikh Mohammed Bin Rashid
31-03-2025,25262.64,Hadaeq Sheikh Mohammed Bin Rashid
30-04-2025,25531.985,Hadaeq Sheikh Mohammed Bin Rashid
31-05-2025,24146.18,Hadaeq Sheikh Mohammed Bin Rashid
30-06-2025,24885.345,Hadaeq Sheikh Mohammed Bin Rashid
31-07-2025,26593.300000000003,Hadaeq Sheikh Mohammed Bin Rashid
31-08-2025,24839.51,Hadaeq Sheikh Mohammed Bin Rashid
30-09-2025,23874.59,Hadaeq Sheikh Mohammed Bin Rashid
31-10-2025,23696.68,Hadaeq Sheikh Mohammed Bin Rashid
30-11-2025,25427.73,Hadaeq Sheikh Mohammed Bin Rashid
31-12-2025,25255.47,Hadaeq Sheikh Mohammed Bin Rashid
31-01-2026,25649.4,Hadaeq Sheikh Mohammed Bin Rashid
31-01-2022,19429.14,Al Khairan First
28-02-2022,19832.825,Al Khairan First
31-03-2022,18363.725,Al Khairan First
30-04-2022,18706.41,Al Khairan First
31-05-2022,19257.995000000003,Al Khairan First
30-06-2022,18805.65,Al Khairan First
31-07-2022,18051.45,Al Khairan First
31-08-2022,18871.32,Al Khairan First
30-09-2022,20624.415,Al Khairan First
31-10-2022,18385.12,Al Khairan First
30-11-2022,18440.63,Al Khairan First
31-12-2022,20689.61,Al Khairan First
31-01-2023,21691.51,Al Khairan First
28-02-2023,21018.9,Al Khairan First
31-03-2023,21510.28,Al Khairan First
30-04-2023,21774.9,Al Khairan First
31-05-2023,21244.205,Al Khairan First
30-06-2023,21976.42,Al Khairan First
31-07-2023,23425.03,Al Khairan First
31-08-2023,22825.32,Al Khairan First
30-09-2023,22824.66,Al Khairan First
31-10-2023,21789.25,Al Khairan First
30-11-2023,21726.54,Al Khairan First
31-12-2023,21693.04,Al Khairan First
31-01-2024,22445.79,Al Khairan First
29-02-2024,23945.52,Al Khairan First
31-03-2024,23548.98,Al Khairan First
30-04-2024,23593.975,Al Khairan First
31-05-2024,23404.235,Al Khairan First
30-06-2024,25434.19,Al Khairan First
31-07-2024,25843.59,Al Khairan First
31-08-2024,26504.9,Al Khairan First
30-09-2024,26354.795,Al Khairan First
31-10-2024,25043.21,Al Khairan First
30-11-2024,23746.755,Al Khairan First
31-12-2024,24298.199999999997,Al Khairan First
31-01-2025,23535.74,Al Khairan First
28-02-2025,23943.81,Al Khairan First
31-03-2025,23057.57,Al Khairan First
30-04-2025,23739.77,Al Khairan First
31-05-2025,25688.93,Al Khairan First
30-06-2025,26175.36,Al Khairan First
31-07-2025,25264.415,Al Khairan First
31-08-2025,24714.03,Al Khairan First
30-09-2025,26954.434999999998,Al Khairan First
31-10-2025,25154.25,Al Khairan First
30-11-2025,26924.53,Al Khairan First
31-12-2025,25701.510000000002,Al Khairan First
31-01-2026,27689.075,Al Khairan First
31-01-2022,6124.45,Wadi Al Safa 5
28-02-2022,6946.25,Wadi Al Safa 5
31-03-2022,8611.12,Wadi Al Safa 5
30-04-2022,7168.53,Wadi Al Safa 5
31-05-2022,8097.855,Wadi Al Safa 5
30-06-2022,8193.77,Wadi Al Safa 5
31-07-2022,7346.555,Wadi Al Safa 5
31-08-2022,7618.885,Wadi Al Safa 5
30-09-2022,7802.37,Wadi Al Safa 5
31-10-2022,8491.34,Wadi Al Safa 5
30-11-2022,8274.05,Wadi Al Safa 5
31-12-2022,8449.19,Wadi Al Safa 5
31-01-2023,8551.31,Wadi Al Safa 5
28-02-2023,9137.34,Wadi Al Safa 5
31-03-2023,8573.39,Wadi Al Safa 5
30-04-2023,9256.965,Wadi Al Safa 5
31-05-2023,8630.91,Wadi Al Safa 5
30-06-2023,8660.45,Wadi Al Safa 5
31-07-2023,9418.83,Wadi Al Safa 5
31-08-2023,9363.545,Wadi Al Safa 5
30-09-2023,9149.32,Wadi Al Safa 5
31-10-2023,8607.855,Wadi Al Safa 5
30-11-2023,8673.560000000001,Wadi Al Safa 5
31-12-2023,8371.12,Wadi Al Safa 5
31-01-2024,7271.33,Wadi Al Safa 5
29-02-2024,8174.39,Wadi Al Safa 5
31-03-2024,8530.95,Wadi Al Safa 5
30-04-2024,10698.2,Wadi Al Safa 5
31-05-2024,11497.96,Wadi Al Safa 5
30-06-2024,11942.68,Wadi Al Safa 5
31-07-2024,12849.42,Wadi Al Safa 5
31-08-2024,13339.03,Wadi Al Safa 5
30-09-2024,12588.215,Wadi Al Safa 5
31-10-2024,13315.3,Wadi Al Safa 5
30-11-2024,11625.06,Wadi Al Safa 5
31-12-2024,13790.61,Wadi Al Safa 5
31-01-2025,13821.26,Wadi Al Safa 5
28-02-2025,13373.98,Wadi Al Safa 5
31-03-2025,12632.635,Wadi Al Safa 5
30-04-2025,13128.56,Wadi Al Safa 5
31-05-2025,13133.28,Wadi Al Safa 5
30-06-2025,13668.380000000001,Wadi Al Safa 5
31-07-2025,13937.59,Wadi Al Safa 5
31-08-2025,14912.995,Wadi Al Safa 5
30-09-2025,14906.6,Wadi Al Safa 5
31-10-2025,14990.23,Wadi Al Safa 5
30-11-2025,14806.17,Wadi Al Safa 5
31-12-2025,14248.83,Wadi Al Safa 5
31-01-2026,14470.83,Wadi Al Safa 5
31-01-2022,11548.67,Al Thanyah Fifth
28-02-2022,10517.515,Al Thanyah Fifth
31-03-2022,10559.81,Al Thanyah Fifth
30-04-2022,10272.955,Al Thanyah Fifth
31-05-2022,11302.09,Al Thanyah Fifth
30-06-2022,10411.38,Al Thanyah Fifth
31-07-2022,10555.055,Al Thanyah Fifth
31-08-2022,10410.995,Al Thanyah Fifth
30-09-2022,10490.740000000002,Al Thanyah Fifth
31-10-2022,10736.3,Al Thanyah Fifth
30-11-2022,12510.14,Al Thanyah Fifth
31-12-2022,10980.13,Al Thanyah Fifth
31-01-2023,11357.21,Al Thanyah Fifth
28-02-2023,11679.18,Al Thanyah Fifth
31-03-2023,11213.974999999999,Al Thanyah Fifth
30-04-2023,11327.46,Al Thanyah Fifth
31-05-2023,13734.13,Al Thanyah Fifth
30-06-2023,21983.870000000003,Al Thanyah Fifth
31-07-2023,22221.57,Al Thanyah Fifth
31-08-2023,21227.025,Al Thanyah Fifth
30-09-2023,18326.870000000003,Al Thanyah Fifth
31-10-2023,14888.415,Al Thanyah Fifth
30-11-2023,12794.09,Al Thanyah Fifth
31-12-2023,16758.32,Al Thanyah Fifth
31-01-2024,18391.46,Al Thanyah Fifth
29-02-2024,15050.51,Al Thanyah Fifth
31-03-2024,14319.045,Al Thanyah Fifth
30-04-2024,13474.99,Al Thanyah Fifth
31-05-2024,15039.78,Al Thanyah Fifth
30-06-2024,14651.065,Al Thanyah Fifth
31-07-2024,14845.2,Al Thanyah Fifth
31-08-2024,21420.12,Al Thanyah Fifth
30-09-2024,20483.57,Al Thanyah Fifth
31-10-2024,21312.71,Al Thanyah Fifth
30-11-2024,17339.345,Al Thanyah Fifth
31-12-2024,16848.11,Al Thanyah Fifth
31-01-2025,18099.28,Al Thanyah Fifth
28-02-2025,17088.32,Al Thanyah Fifth
31-03-2025,17529.88,Al Thanyah Fifth
30-04-2025,23082.84,Al Thanyah Fifth
31-05-2025,18478.435,Al Thanyah Fifth
30-06-2025,18654.04,Al Thanyah Fifth
31-07-2025,16127.095000000001,Al Thanyah Fifth
31-08-2025,19298.71,Al Thanyah Fifth
30-09-2025,16832.975,Al Thanyah Fifth
31-10-2025,22322.65,Al Thanyah Fifth
30-11-2025,22552.16,Al Thanyah Fifth
31-12-2025,17878.79,Al Thanyah Fifth
31-01-2026,16965.74,Al Thanyah Fifth
31-01-2022,11459.904999999999,Al Barshaa South Third
28-02-2022,12362.244999999999,Al Barshaa South Third
31-03-2022,10112.35,Al Barshaa South Third
30-04-2022,12457.07,Al Barshaa South Third
31-05-2022,12327.535,Al Barshaa South Third
30-06-2022,11765.93,Al Barshaa South Third
31-07-2022,10249.23,Al Barshaa South Third
31-08-2022,11399.37,Al Barshaa South Third
30-09-2022,12005.27,Al Barshaa South Third
31-10-2022,11368.275,Al Barshaa South Third
30-11-2022,10666.94,Al Barshaa South Third
31-12-2022,10806.2,Al Barshaa South Third
31-01-2023,10752.69,Al Barshaa South Third
28-02-2023,11194.61,Al Barshaa South Third
31-03-2023,11306.72,Al Barshaa South Third
30-04-2023,11840.3,Al Barshaa South Third
31-05-2023,14784.1,Al Barshaa South Third
30-06-2023,14214.42,Al Barshaa South Third
31-07-2023,13364.775000000001,Al Barshaa South Third
31-08-2023,14913.01,Al Barshaa South Third
30-09-2023,14819.46,Al Barshaa South Third
31-10-2023,12538.7,Al Barshaa South Third
30-11-2023,12917.77,Al Barshaa South Third
31-12-2023,11662.95,Al Barshaa South Third
31-01-2024,13015.58,Al Barshaa South Third
29-02-2024,13982.11,Al Barshaa South Third
31-03-2024,13826.17,Al Barshaa South Third
30-04-2024,14031.19,Al Barshaa South Third
31-05-2024,13791.12,Al Barshaa South Third
30-06-2024,14099.475,Al Barshaa South Third
31-07-2024,14374.11,Al Barshaa South Third
31-08-2024,14533.4,Al Barshaa South Third
30-09-2024,13738.305,Al Barshaa South Third
31-10-2024,14385.98,Al Barshaa South Third
30-11-2024,13766.2,Al Barshaa South Third
31-12-2024,14446.235,Al Barshaa South Third
31-01-2025,13901.48,Al Barshaa South Third
28-02-2025,13739.82,Al Barshaa South Third
31-03-2025,13706.615,Al Barshaa South Third
30-04-2025,14604.93,Al Barshaa South Third
31-05-2025,13948.19,Al Barshaa South Third
30-06-2025,14125.2,Al Barshaa South Third
31-07-2025,14349.07,Al Barshaa South Third
31-08-2025,13896.13,Al Barshaa South Third
30-09-2025,14782.49,Al Barshaa South Third
31-10-2025,14681.97,Al Barshaa South Third
30-11-2025,14885.7,Al Barshaa South Third
31-12-2025,15857.61,Al Barshaa South Third
31-01-2026,15402.5,Al Barshaa South Third
31-01-2022,10788.88,Jabal Ali First
28-02-2022,10158.59,Jabal Ali First
31-03-2022,10142.86,Jabal Ali First
30-04-2022,9534.56,Jabal Ali First
31-05-2022,9919.27,Jabal Ali First
30-06-2022,10313.585,Jabal Ali First
31-07-2022,10993.305,Jabal Ali First
31-08-2022,11321.974999999999,Jabal Ali First
30-09-2022,11517.97,Jabal Ali First
31-10-2022,10947.93,Jabal Ali First
30-11-2022,11910.86,Jabal Ali First
31-12-2022,11016.95,Jabal Ali First
31-01-2023,11465.96,Jabal Ali First
28-02-2023,10279.5,Jabal Ali First
31-03-2023,11091.675,Jabal Ali First
30-04-2023,10874.18,Jabal Ali First
31-05-2023,10580.65,Jabal Ali First
30-06-2023,10925.45,Jabal Ali First
31-07-2023,10660.52,Jabal Ali First
31-08-2023,10960.345000000001,Jabal Ali First
30-09-2023,10700.404999999999,Jabal Ali First
31-10-2023,12323.48,Jabal Ali First
30-11-2023,12432.3,Jabal Ali First
31-12-2023,11725.115000000002,Jabal Ali First
31-01-2024,11968.529999999999,Jabal Ali First
29-02-2024,11214.150000000001,Jabal Ali First
31-03-2024,12581.15,Jabal Ali First
30-04-2024,12611.23,Jabal Ali First
31-05-2024,12866.69,Jabal Ali First
30-06-2024,12435.97,Jabal Ali First
31-07-2024,12124.67,Jabal Ali First
31-08-2024,12403.04,Jabal Ali First
30-09-2024,12698.17,Jabal Ali First
31-10-2024,13010.88,Jabal Ali First
30-11-2024,13012.83,Jabal Ali First
31-12-2024,13350.79,Jabal Ali First
31-01-2025,13098.380000000001,Jabal Ali First
28-02-2025,13554.215,Jabal Ali First
31-03-2025,13443.99,Jabal Ali First
30-04-2025,13900.3,Jabal Ali First
31-05-2025,13709.095000000001,Jabal Ali First
30-06-2025,14369.5,Jabal Ali First
31-07-2025,14419.48,Jabal Ali First
31-08-2025,16216.075,Jabal Ali First
30-09-2025,15219.67,Jabal Ali First
31-10-2025,15626.84,Jabal Ali First
30-11-2025,15543.08,Jabal Ali First
31-12-2025,15184.09,Jabal Ali First
31-01-2026,14603.62,Jabal Ali First
31-01-2022,8006.955,Madinat Al Mataar
28-02-2022,7892.18,Madinat Al Mataar
31-03-2022,7658.12,Madinat Al Mataar
30-04-2022,7443.99,Madinat Al Mataar
31-05-2022,7131.71,Madinat Al Mataar
30-06-2022,7715.405000000001,Madinat Al Mataar
31-07-2022,7110.38,Madinat Al Mataar
31-08-2022,7787.08,Madinat Al Mataar
30-09-2022,7664.0,Madinat Al Mataar
31-10-2022,7466.28,Madinat Al Mataar
30-11-2022,7766.475,Madinat Al Mataar
31-12-2022,7575.67,Madinat Al Mataar
31-01-2023,7519.39,Madinat Al Mataar
28-02-2023,7695.29,Madinat Al Mataar
31-03-2023,8792.8,Madinat Al Mataar
30-04-2023,8477.51,Madinat Al Mataar
31-05-2023,7874.299999999999,Madinat Al Mataar
30-06-2023,8490.95,Madinat Al Mataar
31-07-2023,10529.51,Madinat Al Mataar
31-08-2023,15575.79,Madinat Al Mataar
30-09-2023,10812.69,Madinat Al Mataar
31-10-2023,8204.8,Madinat Al Mataar
30-11-2023,16411.42,Madinat Al Mataar
31-12-2023,16172.36,Madinat Al Mataar
31-01-2024,16333.2,Madinat Al Mataar
29-02-2024,9121.06,Madinat Al Mataar
31-03-2024,16411.42,Madinat Al Mataar
30-04-2024,10104.59,Madinat Al Mataar
31-05-2024,10477.45,Madinat Al Mataar
30-06-2024,11831.895,Madinat Al Mataar
31-07-2024,11928.25,Madinat Al Mataar
31-08-2024,13293.925,Madinat Al Mataar
30-09-2024,14673.73,Madinat Al Mataar
31-10-2024,16493.9,Madinat Al Mataar
30-11-2024,15407.19,Madinat Al Mataar
31-12-2024,17459.87,Madinat Al Mataar
31-01-2025,21331.49,Madinat Al Mataar
28-02-2025,16029.04,Madinat Al Mataar
31-03-2025,18229.93,Madinat Al Mataar
30-04-2025,17013.18,Madinat Al Mataar
31-05-2025,17058.9,Madinat Al Mataar
30-06-2025,16874.095,Madinat Al Mataar
31-07-2025,16546.965,Madinat Al Mataar
31-08-2025,14567.68,Madinat Al Mataar
30-09-2025,14754.38,Madinat Al Mataar
31-10-2025,13462.95,Madinat Al Mataar
30-11-2025,16647.515,Madinat Al Mataar
31-12-2025,16756.92,Madinat Al Mataar
31-01-2026,16018.57,Madinat Al Mataar
28-02-2022,19843.48,Madinat Dubai Almelaheyah
31-05-2022,19900.545,Madinat Dubai Almelaheyah
30-06-2022,19171.1,Madinat Dubai Almelaheyah
31-07-2022,18929.83,Madinat Dubai Almelaheyah
31-08-2022,21902.62,Madinat Dubai Almelaheyah
30-09-2022,21077.68,Madinat Dubai Almelaheyah
31-10-2022,21118.82,Madinat Dubai Almelaheyah
30-11-2022,21552.765,Madinat Dubai Almelaheyah
31-12-2022,20083.125,Madinat Dubai Almelaheyah
31-01-2023,19857.0,Madinat Dubai Almelaheyah
28-02-2023,19931.885000000002,Madinat Dubai Almelaheyah
31-03-2023,19525.41,Madinat Dubai Almelaheyah
30-04-2023,19478.8,Madinat Dubai Almelaheyah
31-05-2023,19807.52,Madinat Dubai Almelaheyah
30-06-2023,19660.12,Madinat Dubai Almelaheyah
31-07-2023,21397.815000000002,Madinat Dubai Almelaheyah
31-08-2023,20762.39,Madinat Dubai Almelaheyah
30-09-2023,22445.11,Madinat Dubai Almelaheyah
31-10-2023,20781.36,Madinat Dubai Almelaheyah
30-11-2023,20662.96,Madinat Dubai Almelaheyah
31-12-2023,23892.7,Madinat Dubai Almelaheyah
31-01-2024,22605.11,Madinat Dubai Almelaheyah
29-02-2024,27008.26,Madinat Dubai Almelaheyah
31-03-2024,26595.74,Madinat Dubai Almelaheyah
30-04-2024,25471.07,Madinat Dubai Almelaheyah
31-05-2024,23185.55,Madinat Dubai Almelaheyah
30-06-2024,25460.055,Madinat Dubai Almelaheyah
31-07-2024,24410.95,Madinat Dubai Almelaheyah
31-08-2024,25863.73,Madinat Dubai Almelaheyah
30-09-2024,24080.550000000003,Madinat Dubai Almelaheyah
31-10-2024,26862.25,Madinat Dubai Almelaheyah
30-11-2024,27029.57,Madinat Dubai Almelaheyah
31-12-2024,26584.45,Madinat Dubai Almelaheyah
31-01-2025,27834.76,Madinat Dubai Almelaheyah
28-02-2025,27133.39,Madinat Dubai Almelaheyah
31-03-2025,29761.8,Madinat Dubai Almelaheyah
30-04-2025,29788.010000000002,Madinat Dubai Almelaheyah
31-05-2025,30886.94,Madinat Dubai Almelaheyah
30-06-2025,31899.39,Madinat Dubai Almelaheyah
31-07-2025,32054.49,Madinat Dubai Almelaheyah
31-08-2025,32415.9,Madinat Dubai Almelaheyah
30-09-2025,32479.34,Madinat Dubai Almelaheyah
31-10-2025,32780.0,Madinat Dubai Almelaheyah
30-11-2025,31281.105000000003,Madinat Dubai Almelaheyah
31-12-2025,30926.0,Madinat Dubai Almelaheyah
31-01-2026,30881.31,Madinat Dubai Almelaheyah
31-01-2022,11454.49,Me'Aisem First
28-02-2022,9634.755000000001,Me'Aisem First
31-03-2022,9969.715,Me'Aisem First
30-04-2022,11151.95,Me'Aisem First
31-05-2022,11901.95,Me'Aisem First
30-06-2022,11672.52,Me'Aisem First
31-07-2022,10585.17,Me'Aisem First
31-08-2022,12484.45,Me'Aisem First
30-09-2022,11846.46,Me'Aisem First
31-10-2022,10992.875,Me'Aisem First
30-11-2022,8138.02,Me'Aisem First
31-12-2022,9025.654999999999,Me'Aisem First
31-01-2023,7681.795,Me'Aisem First
28-02-2023,8073.0,Me'Aisem First
31-03-2023,10398.83,Me'Aisem First
30-04-2023,11233.86,Me'Aisem First
31-05-2023,10581.37,Me'Aisem First
30-06-2023,9532.18,Me'Aisem First
31-07-2023,10989.44,Me'Aisem First
31-08-2023,11025.09,Me'Aisem First
30-09-2023,8999.0,Me'Aisem First
31-10-2023,11495.619999999999,Me'Aisem First
30-11-2023,10307.465,Me'Aisem First
31-12-2023,10741.51,Me'Aisem First
31-01-2024,10968.84,Me'Aisem First
29-02-2024,10638.3,Me'Aisem First
31-03-2024,10719.085,Me'Aisem First
30-04-2024,11401.33,Me'Aisem First
31-05-2024,10945.735,Me'Aisem First
30-06-2024,11253.43,Me'Aisem First
31-07-2024,13490.935000000001,Me'Aisem First
31-08-2024,12801.05,Me'Aisem First
30-09-2024,12627.21,Me'Aisem First
31-10-2024,13247.22,Me'Aisem First
30-11-2024,12054.335,Me'Aisem First
31-12-2024,12476.244999999999,Me'Aisem First
31-01-2025,11898.685000000001,Me'Aisem First
28-02-2025,13263.7,Me'Aisem First
31-03-2025,14318.44,Me'Aisem First
30-04-2025,14318.44,Me'Aisem First
31-05-2025,14243.92,Me'Aisem First
30-06-2025,13870.155,Me'Aisem First
31-07-2025,14150.385,Me'Aisem First
31-08-2025,14303.02,Me'Aisem First
30-09-2025,14470.259999999998,Me'Aisem First
31-10-2025,14087.025,Me'Aisem First
30-11-2025,13663.79,Me'Aisem First
31-12-2025,13861.68,Me'Aisem First
31-01-2026,14147.42,Me'Aisem First
31-01-2022,6786.465,Al Hebiah Fourth
28-02-2022,5847.41,Al Hebiah Fourth
31-03-2022,6599.79,Al Hebiah Fourth
30-04-2022,7034.6849999999995,Al Hebiah Fourth
31-05-2022,6448.41,Al Hebiah Fourth
30-06-2022,6871.77,Al Hebiah Fourth
31-07-2022,6803.08,Al Hebiah Fourth
31-08-2022,6452.58,Al Hebiah Fourth
30-09-2022,6705.545,Al Hebiah Fourth
31-10-2022,6863.655000000001,Al Hebiah Fourth
30-11-2022,6677.1,Al Hebiah Fourth
31-12-2022,6595.27,Al Hebiah Fourth
31-01-2023,6609.48,Al Hebiah Fourth
28-02-2023,7043.02,Al Hebiah Fourth
31-03-2023,6551.36,Al Hebiah Fourth
30-04-2023,6746.12,Al Hebiah Fourth
31-05-2023,7162.325000000001,Al Hebiah Fourth
30-06-2023,7428.71,Al Hebiah Fourth
31-07-2023,8270.54,Al Hebiah Fourth
31-08-2023,8025.68,Al Hebiah Fourth
30-09-2023,7988.64,Al Hebiah Fourth
31-10-2023,8432.93,Al Hebiah Fourth
30-11-2023,8120.875,Al Hebiah Fourth
31-12-2023,8436.89,Al Hebiah Fourth
31-01-2024,9350.165,Al Hebiah Fourth
29-02-2024,8984.34,Al Hebiah Fourth
31-03-2024,15071.31,Al Hebiah Fourth
30-04-2024,15127.099999999999,Al Hebiah Fourth
31-05-2024,10403.045,Al Hebiah Fourth
30-06-2024,14851.99,Al Hebiah Fourth
31-07-2024,12672.545,Al Hebiah Fourth
31-08-2024,13227.84,Al Hebiah Fourth
30-09-2024,9855.29,Al Hebiah Fourth
31-10-2024,10479.08,Al Hebiah Fourth
30-11-2024,9624.09,Al Hebiah Fourth
31-12-2024,9766.56,Al Hebiah Fourth
31-01-2025,9293.06,Al Hebiah Fourth
28-02-2025,9439.95,Al Hebiah Fourth
31-03-2025,12523.41,Al Hebiah Fourth
30-04-2025,10516.02,Al Hebiah Fourth
31-05-2025,10563.38,Al Hebiah Fourth
30-06-2025,12754.86,Al Hebiah Fourth
31-07-2025,10837.82,Al Hebiah Fourth
31-08-2025,12460.3,Al Hebiah Fourth
30-09-2025,10410.904999999999,Al Hebiah Fourth
31-10-2025,10279.74,Al Hebiah Fourth
30-11-2025,11079.0,Al Hebiah Fourth
31-12-2025,12788.04,Al Hebiah Fourth
31-01-2026,13720.79,Al Hebiah Fourth
31-01-2022,9819.105,Al Barsha South Fifth
28-02-2022,10144.545,Al Barsha South Fifth
31-03-2022,9938.445,Al Barsha South Fifth
30-04-2022,10361.875,Al Barsha South Fifth
31-05-2022,11302.1,Al Barsha South Fifth
30-06-2022,11302.08,Al Barsha South Fifth
31-07-2022,10267.009999999998,Al Barsha South Fifth
31-08-2022,12465.17,Al Barsha South Fifth
30-09-2022,12171.14,Al Barsha South Fifth
31-10-2022,10982.235,Al Barsha South Fifth
30-11-2022,11255.14,Al Barsha South Fifth
31-12-2022,11829.325,Al Barsha South Fifth
31-01-2023,12288.72,Al Barsha South Fifth
28-02-2023,11494.23,Al Barsha South Fifth
31-03-2023,11573.88,Al Barsha South Fifth
30-04-2023,11909.0,Al Barsha South Fifth
31-05-2023,12893.645,Al Barsha South Fifth
30-06-2023,12347.54,Al Barsha South Fifth
31-07-2023,12025.45,Al Barsha South Fifth
31-08-2023,18250.95,Al Barsha South Fifth
30-09-2023,17764.480000000003,Al Barsha South Fifth
31-10-2023,17162.27,Al Barsha South Fifth
30-11-2023,13929.400000000001,Al Barsha South Fifth
31-12-2023,12964.92,Al Barsha South Fifth
31-01-2024,13548.585,Al Barsha South Fifth
29-02-2024,13803.24,Al Barsha South Fifth
31-03-2024,14009.21,Al Barsha South Fifth
30-04-2024,13518.295,Al Barsha South Fifth
31-05-2024,14558.715,Al Barsha South Fifth
30-06-2024,14120.71,Al Barsha South Fifth
31-07-2024,14859.915,Al Barsha South Fifth
31-08-2024,14695.485,Al Barsha South Fifth
30-09-2024,15056.125,Al Barsha South Fifth
31-10-2024,15268.689999999999,Al Barsha South Fifth
30-11-2024,14494.93,Al Barsha South Fifth
31-12-2024,15622.625,Al Barsha South Fifth
31-01-2025,14746.55,Al Barsha South Fifth
28-02-2025,15125.42,Al Barsha South Fifth
31-03-2025,15291.9,Al Barsha South Fifth
30-04-2025,14784.105,Al Barsha South Fifth
31-05-2025,14404.61,Al Barsha South Fifth
30-06-2025,14961.84,Al Barsha South Fifth
31-07-2025,15119.79,Al Barsha South Fifth
31-08-2025,15733.76,Al Barsha South Fifth
30-09-2025,16664.53,Al Barsha South Fifth
31-10-2025,17592.195,Al Barsha South Fifth
30-11-2025,17433.96,Al Barsha South Fifth
31-12-2025,17292.23,Al Barsha South Fifth
31-01-2026,17179.93,Al Barsha South Fifth
31-01-2022,7146.93,Al Hebiah First
28-02-2022,6471.985000000001,Al Hebiah First
31-03-2022,7718.8,Al Hebiah First
30-04-2022,6769.585,Al Hebiah First
31-05-2022,7170.09,Al Hebiah First
30-06-2022,6592.844999999999,Al Hebiah First
31-07-2022,6714.66,Al Hebiah First
31-08-2022,7140.115,Al Hebiah First
30-09-2022,6958.08,Al Hebiah First
31-10-2022,7525.23,Al Hebiah First
30-11-2022,7402.47,Al Hebiah First
31-12-2022,7900.13,Al Hebiah First
31-01-2023,7076.82,Al Hebiah First
28-02-2023,7058.97,Al Hebiah First
31-03-2023,8376.21,Al Hebiah First
30-04-2023,10672.349999999999,Al Hebiah First
31-05-2023,8577.96,Al Hebiah First
30-06-2023,8938.1,Al Hebiah First
31-07-2023,7551.825000000001,Al Hebiah First
31-08-2023,9927.630000000001,Al Hebiah First
30-09-2023,9791.13,Al Hebiah First
31-10-2023,8036.035,Al Hebiah First
30-11-2023,7710.38,Al Hebiah First
31-12-2023,7135.8,Al Hebiah First
31-01-2024,7925.825,Al Hebiah First
29-02-2024,7834.035,Al Hebiah First
31-03-2024,7990.455,Al Hebiah First
30-04-2024,8864.18,Al Hebiah First
31-05-2024,7881.36,Al Hebiah First
30-06-2024,8174.94,Al Hebiah First
31-07-2024,8773.244999999999,Al Hebiah First
31-08-2024,10154.72,Al Hebiah First
30-09-2024,20074.6,Al Hebiah First
31-10-2024,20274.485,Al Hebiah First
30-11-2024,14478.76,Al Hebiah First
31-12-2024,20182.31,Al Hebiah First
31-01-2025,14531.29,Al Hebiah First
28-02-2025,20182.38,Al Hebiah First
31-03-2025,20236.13,Al Hebiah First
30-04-2025,19697.945,Al Hebiah First
31-05-2025,20720.7,Al Hebiah First
30-06-2025,20935.77,Al Hebiah First
31-07-2025,20774.33,Al Hebiah First
31-08-2025,20559.01,Al Hebiah First
30-09-2025,19914.28,Al Hebiah First
31-10-2025,17983.91,Al Hebiah First
30-11-2025,18083.37,Al Hebiah First
31-12-2025,19466.8,Al Hebiah First
31-01-2026,16793.89,Al Hebiah First
31-01-2022,6433.8150000000005,Nadd Hessa
28-02-2022,6828.68,Nadd Hessa
31-03-2022,5983.155000000001,Nadd Hessa
30-04-2022,6669.18,Nadd Hessa
31-05-2022,5759.56,Nadd Hessa
30-06-2022,6247.56,Nadd Hessa
31-07-2022,6699.59,Nadd Hessa
31-08-2022,6452.74,Nadd Hessa
30-09-2022,6401.785,Nadd Hessa
31-10-2022,6816.99,Nadd Hessa
30-11-2022,11107.09,Nadd Hessa
31-12-2022,10725.5,Nadd Hessa
31-01-2023,8010.105,Nadd Hessa
28-02-2023,7404.5650000000005,Nadd Hessa
31-03-2023,8793.029999999999,Nadd Hessa
30-04-2023,7101.37,Nadd Hessa
31-05-2023,9040.695,Nadd Hessa
30-06-2023,7140.33,Nadd Hessa
31-07-2023,6491.15,Nadd Hessa
31-08-2023,6568.47,Nadd Hessa
30-09-2023,8291.03,Nadd Hessa
31-10-2023,7478.53,Nadd Hessa
30-11-2023,6657.305,Nadd Hessa
31-12-2023,7573.11,Nadd Hessa
31-01-2024,8547.215,Nadd Hessa
29-02-2024,9348.98,Nadd Hessa
31-03-2024,9230.08,Nadd Hessa
30-04-2024,8248.29,Nadd Hessa
31-05-2024,8062.615,Nadd Hessa
30-06-2024,9219.41,Nadd Hessa
31-07-2024,8775.14,Nadd Hessa
31-08-2024,8844.74,Nadd Hessa
30-09-2024,9449.56,Nadd Hessa
31-10-2024,10097.92,Nadd Hessa
30-11-2024,10068.6,Nadd Hessa
31-12-2024,9732.525,Nadd Hessa
31-01-2025,12013.425,Nadd Hessa
28-02-2025,12962.81,Nadd Hessa
31-03-2025,12462.835,Nadd Hessa
30-04-2025,12338.34,Nadd Hessa
31-05-2025,11879.46,Nadd Hessa
30-06-2025,14341.85,Nadd Hessa
31-07-2025,12220.475,Nadd Hessa
31-08-2025,12398.175,Nadd Hessa
30-09-2025,12835.105,Nadd Hessa
31-10-2025,12188.66,Nadd Hessa
30-11-2025,11536.0,Nadd Hessa
31-12-2025,11308.56,Nadd Hessa
31-01-2026,10748.41,Nadd Hessa
31-01-2022,17444.415,Palm Jumeirah
28-02-2022,16664.42,Palm Jumeirah
31-03-2022,15710.92,Palm Jumeirah
30-04-2022,17377.95,Palm Jumeirah
31-05-2022,22250.83,Palm Jumeirah
30-06-2022,17019.895,Palm Jumeirah
31-07-2022,17104.34,Palm Jumeirah
31-08-2022,17514.85,Palm Jumeirah
30-09-2022,24193.620000000003,Palm Jumeirah
31-10-2022,31593.69,Palm Jumeirah
30-11-2022,34229.6,Palm Jumeirah
31-12-2022,34554.285,Palm Jumeirah
31-01-2023,33540.42,Palm Jumeirah
28-02-2023,24884.79,Palm Jumeirah
31-03-2023,18775.58,Palm Jumeirah
30-04-2023,23333.33,Palm Jumeirah
31-05-2023,23063.62,Palm Jumeirah
30-06-2023,19346.075,Palm Jumeirah
31-07-2023,19731.16,Palm Jumeirah
31-08-2023,21444.47,Palm Jumeirah
30-09-2023,22919.85,Palm Jumeirah
31-10-2023,21148.39,Palm Jumeirah
30-11-2023,20784.22,Palm Jumeirah
31-12-2023,26766.6,Palm Jumeirah
31-01-2024,21487.595,Palm Jumeirah
29-02-2024,21619.55,Palm Jumeirah
31-03-2024,23544.92,Palm Jumeirah
30-04-2024,22304.83,Palm Jumeirah
31-05-2024,21597.75,Palm Jumeirah
30-06-2024,20615.97,Palm Jumeirah
31-07-2024,20529.275,Palm Jumeirah
31-08-2024,21793.09,Palm Jumeirah
30-09-2024,23171.65,Palm Jumeirah
31-10-2024,21680.095,Palm Jumeirah
30-11-2024,23020.06,Palm Jumeirah
31-12-2024,25417.0,Palm Jumeirah
31-01-2025,23166.02,Palm Jumeirah
28-02-2025,24102.99,Palm Jumeirah
31-03-2025,23920.925000000003,Palm Jumeirah
30-04-2025,25286.05,Palm Jumeirah
31-05-2025,23108.03,Palm Jumeirah
30-06-2025,24638.760000000002,Palm Jumeirah
31-07-2025,24761.36,Palm Jumeirah
31-08-2025,25052.53,Palm Jumeirah
30-09-2025,25909.97,Palm Jumeirah
31-10-2025,26950.1,Palm Jumeirah
30-11-2025,26313.32,Palm Jumeirah
31-12-2025,27511.04,Palm Jumeirah
31-01-2026,25834.4,Palm Jumeirah
31-01-2022,10586.11,Al Barshaa South Second
28-02-2022,9520.66,Al Barshaa South Second
31-03-2022,13552.79,Al Barshaa South Second
30-04-2022,12573.41,Al Barshaa South Second
31-05-2022,11503.775000000001,Al Barshaa South Second
30-06-2022,9848.77,Al Barshaa South Second
31-07-2022,9414.46,Al Barshaa South Second
31-08-2022,11079.795,Al Barshaa South Second
30-09-2022,11363.244999999999,Al Barshaa South Second
31-10-2022,9256.95,Al Barshaa South Second
30-11-2022,9276.33,Al Barshaa South Second
31-12-2022,9310.78,Al Barshaa South Second
31-01-2023,13325.39,Al Barshaa South Second
28-02-2023,13213.69,Al Barshaa South Second
31-03-2023,12663.13,Al Barshaa South Second
30-04-2023,10855.79,Al Barshaa South Second
31-05-2023,9310.78,Al Barshaa South Second
30-06-2023,9418.41,Al Barshaa South Second
31-07-2023,9446.82,Al Barshaa South Second
31-08-2023,9433.795,Al Barshaa South Second
30-09-2023,9402.895,Al Barshaa South Second
31-10-2023,9897.17,Al Barshaa South Second
30-11-2023,10157.545,Al Barshaa South Second
31-12-2023,9606.46,Al Barshaa South Second
31-01-2024,10360.87,Al Barshaa South Second
29-02-2024,9606.46,Al Barshaa South Second
31-03-2024,10906.61,Al Barshaa South Second
30-04-2024,15088.89,Al Barshaa South Second
31-05-2024,15213.08,Al Barshaa South Second
30-06-2024,15577.185000000001,Al Barshaa South Second
31-07-2024,16612.46,Al Barshaa South Second
31-08-2024,16052.47,Al Barshaa South Second
30-09-2024,16767.665,Al Barshaa South Second
31-10-2024,16471.07,Al Barshaa South Second
30-11-2024,16209.36,Al Barshaa South Second
31-12-2024,15507.875,Al Barshaa South Second
31-01-2025,14817.57,Al Barshaa South Second
28-02-2025,17034.715,Al Barshaa South Second
31-03-2025,16767.28,Al Barshaa South Second
30-04-2025,16814.93,Al Barshaa South Second
31-05-2025,17715.015,Al Barshaa South Second
30-06-2025,17072.13,Al Barshaa South Second
31-07-2025,17179.95,Al Barshaa South Second
31-08-2025,17569.2,Al Barshaa South Second
30-09-2025,17910.25,Al Barshaa South Second
31-10-2025,17400.815,Al Barshaa South Second
30-11-2025,17235.215,Al Barshaa South Second
31-12-2025,18094.36,Al Barshaa South Second
31-01-2026,18750.73,Al Barshaa South Second
31-01-2022,8689.475,Al Yelayiss 2
28-02-2022,8801.525000000001,Al Yelayiss 2
31-03-2022,7932.91,Al Yelayiss 2
30-04-2022,8368.63,Al Yelayiss 2
31-05-2022,9128.53,Al Yelayiss 2
30-06-2022,8352.53,Al Yelayiss 2
31-07-2022,8602.89,Al Yelayiss 2
31-08-2022,8917.34,Al Yelayiss 2
30-09-2022,8626.64,Al Yelayiss 2
31-10-2022,9213.38,Al Yelayiss 2
30-11-2022,8458.695,Al Yelayiss 2
31-12-2022,8821.26,Al Yelayiss 2
31-01-2023,13302.3,Al Yelayiss 2
28-02-2023,11378.19,Al Yelayiss 2
31-03-2023,11090.37,Al Yelayiss 2
30-04-2023,11074.48,Al Yelayiss 2
31-05-2023,10272.42,Al Yelayiss 2
30-06-2023,10799.07,Al Yelayiss 2
31-07-2023,10653.5,Al Yelayiss 2
31-08-2023,11144.915,Al Yelayiss 2
30-09-2023,11243.11,Al Yelayiss 2
31-10-2023,10874.11,Al Yelayiss 2
30-11-2023,11814.71,Al Yelayiss 2
31-12-2023,12726.4,Al Yelayiss 2
31-01-2024,12484.935,Al Yelayiss 2
29-02-2024,12688.04,Al Yelayiss 2
31-03-2024,12266.025,Al Yelayiss 2
30-04-2024,12166.439999999999,Al Yelayiss 2
31-05-2024,12325.82,Al Yelayiss 2
30-06-2024,13116.165,Al Yelayiss 2
31-07-2024,11763.75,Al Yelayiss 2
31-08-2024,12668.53,Al Yelayiss 2
30-09-2024,13264.39,Al Yelayiss 2
31-10-2024,12402.55,Al Yelayiss 2
30-11-2024,12559.66,Al Yelayiss 2
31-12-2024,13020.3,Al Yelayiss 2
31-01-2025,13929.445,Al Yelayiss 2
28-02-2025,14559.11,Al Yelayiss 2
31-03-2025,13865.84,Al Yelayiss 2
30-04-2025,14010.0,Al Yelayiss 2
31-05-2025,14855.72,Al Yelayiss 2
30-06-2025,14019.87,Al Yelayiss 2
31-07-2025,13410.48,Al Yelayiss 2
31-08-2025,13801.89,Al Yelayiss 2
30-09-2025,14318.54,Al Yelayiss 2
31-10-2025,13301.9,Al Yelayiss 2
30-11-2025,14214.46,Al Yelayiss 2
31-12-2025,13266.115000000002,Al Yelayiss 2
31-01-2026,13841.27,Al Yelayiss 2
31-01-2022,4779.41,Al Warsan First
28-02-2022,4871.495000000001,Al Warsan First
31-03-2022,4711.11,Al Warsan First
30-04-2022,4975.25,Al Warsan First
31-05-2022,4666.67,Al Warsan First
30-06-2022,4657.3150000000005,Al Warsan First
31-07-2022,4888.89,Al Warsan First
31-08-2022,4659.09,Al Warsan First
30-09-2022,4965.755,Al Warsan First
31-10-2022,5147.06,Al Warsan First
30-11-2022,5000.0,Al Warsan First
31-12-2022,4736.66,Al Warsan First
31-01-2023,5000.0,Al Warsan First
28-02-2023,5000.0,Al Warsan First
31-03-2023,5000.0,Al Warsan First
30-04-2023,5266.67,Al Warsan First
31-05-2023,5074.63,Al Warsan First
30-06-2023,5340.91,Al Warsan First
31-07-2023,5341.085,Al Warsan First
31-08-2023,5483.87,Al Warsan First
30-09-2023,5454.55,Al Warsan First
31-10-2023,5522.73,Al Warsan First
30-11-2023,5454.55,Al Warsan First
31-12-2023,5340.91,Al Warsan First
31-01-2024,5367.65,Al Warsan First
29-02-2024,5524.37,Al Warsan First
31-03-2024,5617.98,Al Warsan First
30-04-2024,5895.52,Al Warsan First
31-05-2024,5955.56,Al Warsan First
30-06-2024,6044.78,Al Warsan First
31-07-2024,6111.11,Al Warsan First
31-08-2024,6022.73,Al Warsan First
30-09-2024,5970.15,Al Warsan First
31-10-2024,6189.645,Al Warsan First
30-11-2024,6176.59,Al Warsan First
31-12-2024,6404.04,Al Warsan First
31-01-2025,6528.42,Al Warsan First
28-02-2025,6764.71,Al Warsan First
31-03-2025,6554.22,Al Warsan First
30-04-2025,6487.2,Al Warsan First
31-05-2025,6587.105,Al Warsan First
30-06-2025,6541.950000000001,Al Warsan First
31-07-2025,6566.37,Al Warsan First
31-08-2025,6739.13,Al Warsan First
30-09-2025,6666.67,Al Warsan First
31-10-2025,6741.57,Al Warsan First
30-11-2025,6591.0,Al Warsan First
31-12-2025,6888.89,Al Warsan First
31-01-2026,7401.045,Al Warsan First
31-01-2022,25484.945,Marsa Dubai
28-02-2022,19773.165,Marsa Dubai
31-03-2022,20659.24,Marsa Dubai
30-04-2022,20204.25,Marsa Dubai
31-05-2022,16880.99,Marsa Dubai
30-06-2022,19973.72,Marsa Dubai
31-07-2022,20102.54,Marsa Dubai
31-08-2022,22842.93,Marsa Dubai
30-09-2022,20182.91,Marsa Dubai
31-10-2022,22514.21,Marsa Dubai
30-11-2022,23364.49,Marsa Dubai
31-12-2022,23726.739999999998,Marsa Dubai
31-01-2023,21174.06,Marsa Dubai
28-02-2023,24894.05,Marsa Dubai
31-03-2023,27230.47,Marsa Dubai
30-04-2023,23294.63,Marsa Dubai
31-05-2023,37605.5,Marsa Dubai
30-06-2023,36785.979999999996,Marsa Dubai
31-07-2023,22686.57,Marsa Dubai
31-08-2023,19411.68,Marsa Dubai
30-09-2023,19289.445,Marsa Dubai
31-10-2023,31013.46,Marsa Dubai
30-11-2023,15902.57,Marsa Dubai
31-12-2023,25179.36,Marsa Dubai
31-01-2024,18631.02,Marsa Dubai
29-02-2024,20129.095,Marsa Dubai
31-03-2024,20551.38,Marsa Dubai
30-04-2024,20223.22,Marsa Dubai
31-05-2024,21658.66,Marsa Dubai
30-06-2024,19526.48,Marsa Dubai
31-07-2024,17722.18,Marsa Dubai
31-08-2024,20223.730000000003,Marsa Dubai
30-09-2024,20531.760000000002,Marsa Dubai
31-10-2024,20186.265,Marsa Dubai
30-11-2024,23102.31,Marsa Dubai
31-12-2024,24151.88,Marsa Dubai
31-01-2025,23273.03,Marsa Dubai
28-02-2025,24328.48,Marsa Dubai
31-03-2025,22784.055,Marsa Dubai
30-04-2025,24350.35,Marsa Dubai
31-05-2025,22977.2,Marsa Dubai
30-06-2025,23703.835,Marsa Dubai
31-07-2025,23461.15,Marsa Dubai
31-08-2025,20846.45,Marsa Dubai
30-09-2025,19960.23,Marsa Dubai
31-10-2025,19579.19,Marsa Dubai
30-11-2025,20420.07,Marsa Dubai
31-12-2025,22939.72,Marsa Dubai
31-01-2026,20651.0,Marsa Dubai
31-01-2022,16067.785,G1
28-02-2022,14227.715,G1
31-03-2022,15606.07,G1
30-04-2022,17095.18,G1
31-05-2022,16174.705000000002,G1
30-06-2022,15297.66,G1
31-07-2022,16756.025,G1
31-08-2022,17085.4,G1
30-09-2022,15671.4,G1
31-10-2022,20436.434999999998,G1
30-11-2022,17631.31,G1
31-12-2022,18173.78,G1
31-01-2023,17651.16,G1
28-02-2023,17393.68,G1
31-03-2023,18038.24,G1
30-04-2023,17723.42,G1
31-05-2023,15782.615,G1
30-06-2023,15884.6,G1
31-07-2023,20158.66,G1
31-08-2023,17952.53,G1
30-09-2023,18442.37,G1
31-10-2023,18668.26,G1
30-11-2023,20331.08,G1
31-12-2023,19546.42,G1
31-01-2024,20377.32,G1
29-02-2024,17632.31,G1
31-03-2024,16193.02,G1
30-04-2024,15317.1,G1
31-05-2024,15937.86,G1
30-06-2024,14293.15,G1
31-07-2024,14255.84,G1
31-08-2024,18404.739999999998,G1
30-09-2024,19864.85,G1
31-10-2024,19272.91,G1
30-11-2024,20805.9,G1
31-12-2024,20209.75,G1
31-01-2025,20812.11,G1
28-02-2025,20445.105,G1
31-03-2025,20129.48,G1
30-04-2025,17217.18,G1
31-05-2025,19517.105,G1
30-06-2025,21580.7,G1
31-07-2025,21656.36,G1
31-08-2025,21738.845,G1
30-09-2025,21841.02,G1
31-10-2025,20375.415,G1
30-11-2025,21145.34,G1
31-12-2025,20373.215,G1
31-01-2026,19982.265,G1
31-01-2022,7414.245,G2
28-02-2022,8096.12,G2
31-03-2022,8701.47,G2
30-04-2022,8096.3,G2
31-05-2022,8499.52,G2
30-06-2022,7938.755,G2
31-07-2022,9798.89,G2
31-08-2022,8842.45,G2
30-09-2022,7359.79,G2
31-10-2022,8042.215,G2
30-11-2022,8183.29,G2
31-12-2022,10971.439999999999,G2
31-01-2023,8338.535,G2
28-02-2023,7828.245,G2
31-03-2023,8422.51,G2
30-04-2023,8535.3,G2
31-05-2023,9653.29,G2
30-06-2023,9514.77,G2
31-07-2023,9548.08,G2
31-08-2023,8382.97,G2
30-09-2023,9128.0,G2
31-10-2023,9230.34,G2
30-11-2023,8759.08,G2
31-12-2023,10215.175,G2
31-01-2024,11033.01,G2
29-02-2024,10979.19,G2
31-03-2024,10400.595,G2
30-04-2024,9613.43,G2
31-05-2024,10016.045,G2
30-06-2024,9658.34,G2
31-07-2024,9531.07,G2
31-08-2024,9587.369999999999,G2
30-09-2024,7745.76,G2
31-10-2024,9170.54,G2
30-11-2024,9151.5,G2
31-12-2024,9497.1,G2
31-01-2025,9832.994999999999,G2
28-02-2025,8972.69,G2
31-03-2025,9369.36,G2
30-04-2025,9837.435,G2
31-05-2025,9130.735,G2
30-06-2025,9471.529999999999,G2
31-07-2025,9421.65,G2
31-08-2025,9968.815,G2
30-09-2025,9133.33,G2
31-10-2025,9493.67,G2
30-11-2025,10757.6,G2
31-12-2025,10297.91,G2
31-01-2026,11018.16,G2
31-01-2022,6118.844999999999,G3
28-02-2022,6086.014999999999,G3
31-03-2022,5259.445,G3
30-04-2022,5865.085,G3
31-05-2022,5621.62,G3
30-06-2022,5714.29,G3
31-07-2022,5217.635,G3
31-08-2022,5361.93,G3
30-09-2022,5604.9,G3
31-10-2022,5639.344999999999,G3
30-11-2022,5718.834999999999,G3
31-12-2022,5955.48,G3
31-01-2023,6030.865,G3
28-02-2023,6470.59,G3
31-03-2023,6262.51,G3
30-04-2023,6915.14,G3
31-05-2023,6888.89,G3
30-06-2023,6263.889999999999,G3
31-07-2023,6260.53,G3
31-08-2023,6929.91,G3
30-09-2023,7457.2,G3
31-10-2023,7588.3,G3
30-11-2023,7074.075,G3
31-12-2023,7142.86,G3
31-01-2024,7562.06,G3
29-02-2024,7835.975,G3
31-03-2024,7515.29,G3
30-04-2024,7136.799999999999,G3
31-05-2024,8238.64,G3
30-06-2024,8222.735,G3
31-07-2024,7563.16,G3
31-08-2024,8106.14,G3
30-09-2024,7635.305,G3
31-10-2024,8241.76,G3
30-11-2024,8031.25,G3
31-12-2024,8478.875,G3
31-01-2025,8395.06,G3
28-02-2025,8712.055,G3
31-03-2025,9285.43,G3
30-04-2025,8886.92,G3
31-05-2025,8780.49,G3
30-06-2025,8333.33,G3
31-07-2025,9157.51,G3
31-08-2025,10102.04,G3
30-09-2025,9705.88,G3
31-10-2025,10113.36,G3
30-11-2025,10730.715,G3
31-12-2025,9893.165,G3
31-01-2026,9350.65,G3
31-01-2022,22860.06,G4
28-02-2022,21773.86,G4
31-03-2022,22102.82,G4
30-04-2022,21242.7,G4
31-05-2022,21600.19,G4
30-06-2022,20801.3,G4
31-07-2022,23307.2,G4
31-08-2022,23931.84,G4
30-09-2022,35222.17,G4
31-10-2022,22868.03,G4
30-11-2022,24143.02,G4
31-12-2022,23819.495000000003,G4
31-01-2023,24031.3,G4
28-02-2023,23785.62,G4
31-03-2023,24763.525,G4
30-04-2023,24530.57,G4
31-05-2023,23915.12,G4
30-06-2023,26059.72,G4
31-07-2023,27474.385000000002,G4
31-08-2023,29356.69,G4
30-09-2023,29493.68,G4
31-10-2023,27808.125,G4
30-11-2023,28905.72,G4
31-12-2023,28152.315000000002,G4
31-01-2024,27967.93,G4
29-02-2024,26893.77,G4
31-03-2024,30117.02,G4
30-04-2024,27747.95,G4
31-05-2024,28464.14,G4
30-06-2024,27967.870000000003,G4
31-07-2024,28418.75,G4
31-08-2024,27076.47,G4
30-09-2024,27739.79,G4
31-10-2024,28711.76,G4
30-11-2024,28163.73,G4
31-12-2024,27786.345,G4
31-01-2025,30153.905,G4
28-02-2025,29773.325,G4
31-03-2025,28268.87,G4
30-04-2025,28003.684999999998,G4
31-05-2025,29970.03,G4
30-06-2025,29248.28,G4
31-07-2025,28958.11,G4
31-08-2025,27602.3,G4
30-09-2025,30386.394999999997,G4
31-10-2025,31369.92,G4
30-11-2025,28721.28,G4
31-12-2025,33856.77,G4
31-01-2026,28189.73,G4
31-01-2022,11163.13,G5
28-02-2022,11431.135,G5
31-03-2022,10712.87,G5
30-04-2022,10305.970000000001,G5
31-05-2022,10845.13,G5
30-06-2022,11193.59,G5
31-07-2022,10235.08,G5
31-08-2022,10700.775,G5
30-09-2022,9582.93,G5
31-10-2022,10846.72,G5
30-11-2022,11255.07,G5
31-12-2022,10660.11,G5
31-01-2023,13843.11,G5
28-02-2023,12368.55,G5
31-03-2023,11240.78,G5
30-04-2023,11414.31,G5
31-05-2023,12848.58,G5
30-06-2023,12167.7,G5
31-07-2023,12210.98,G5
31-08-2023,12153.615,G5
30-09-2023,13341.03,G5
31-10-2023,14383.95,G5
30-11-2023,14728.57,G5
31-12-2023,14723.2,G5
31-01-2024,11806.38,G5
29-02-2024,13831.86,G5
31-03-2024,14689.92,G5
30-04-2024,12855.83,G5
31-05-2024,11840.2,G5
30-06-2024,11732.64,G5
31-07-2024,11839.64,G5
31-08-2024,14039.32,G5
30-09-2024,13436.7,G5
31-10-2024,13320.26,G5
30-11-2024,15522.400000000001,G5
31-12-2024,12917.18,G5
31-01-2025,14510.32,G5
28-02-2025,15177.19,G5
31-03-2025,13548.215,G5
30-04-2025,10533.619999999999,G5
31-05-2025,15192.91,G5
30-06-2025,15859.65,G5
31-07-2025,16057.07,G5
31-08-2025,15829.8,G5
30-09-2025,15794.46,G5
31-10-2025,16364.98,G5
30-11-2025,12381.68,G5
31-12-2025,17080.14,G5
31-01-2026,16684.17,G5
31-01-2022,9973.81,Proxy1
28-02-2022,9683.965,Proxy1
31-03-2022,10533.37,Proxy1
30-04-2022,10545.45,Proxy1
31-05-2022,10475.16,Proxy1
30-06-2022,10521.32,Proxy1
31-07-2022,10157.085,Proxy1
31-08-2022,10762.42,Proxy1
30-09-2022,11051.52,Proxy1
31-10-2022,9821.76,Proxy1
30-11-2022,10152.28,Proxy1
31-12-2022,10175.3,Proxy1
31-01-2023,12208.14,Proxy1
28-02-2023,11302.1,Proxy1
31-03-2023,11318.55,Proxy1
30-04-2023,11704.619999999999,Proxy1
31-05-2023,11629.14,Proxy1
30-06-2023,11891.119999999999,Proxy1
31-07-2023,12192.224999999999,Proxy1
31-08-2023,12829.985,Proxy1
30-09-2023,13227.19,Proxy1
31-10-2023,12492.09,Proxy1
30-11-2023,13003.045,Proxy1
31-12-2023,12916.69,Proxy1
31-01-2024,13154.19,Proxy1
29-02-2024,13030.66,Proxy1
31-03-2024,12970.17,Proxy1
30-04-2024,12845.91,Proxy1
31-05-2024,13193.28,Proxy1
30-06-2024,13454.555,Proxy1
31-07-2024,13673.525,Proxy1
31-08-2024,14452.83,Proxy1
30-09-2024,13713.235,Proxy1
31-10-2024,13617.68,Proxy1
30-11-2024,13712.13,Proxy1
31-12-2024,13519.87,Proxy1
31-01-2025,13937.87,Proxy1
28-02-2025,14240.49,Proxy1
31-03-2025,14369.75,Proxy1
30-04-2025,14593.65,Proxy1
31-05-2025,14713.87,Proxy1
30-06-2025,14979.330000000002,Proxy1
31-07-2025,14249.81,Proxy1
31-08-2025,14758.545,Proxy1
30-09-2025,15428.48,Proxy1
31-10-2025,14987.94,Proxy1
30-11-2025,15095.295,Proxy1
31-12-2025,15326.71,Proxy1
31-01-2026,14434.880000000001,Proxy1
28-02-2022,19843.48,Proxy2
31-05-2022,19900.545,Proxy2
30-06-2022,20091.46,Proxy2
31-08-2022,22696.32,Proxy2
30-09-2022,22136.19,Proxy2
31-10-2022,21739.55,Proxy2
30-11-2022,21860.34,Proxy2
31-12-2022,20083.125,Proxy2
31-01-2023,19902.71,Proxy2
28-02-2023,19972.725,Proxy2
31-03-2023,20059.08,Proxy2
30-04-2023,19536.48,Proxy2
31-05-2023,20243.75,Proxy2
30-06-2023,20345.48,Proxy2
31-07-2023,21450.755,Proxy2
31-08-2023,20778.93,Proxy2
30-09-2023,22648.665,Proxy2
31-10-2023,20804.59,Proxy2
30-11-2023,20724.52,Proxy2
31-12-2023,24182.675,Proxy2
31-01-2024,22810.385000000002,Proxy2
29-02-2024,25257.73,Proxy2
31-03-2024,25051.56,Proxy2
30-04-2024,24930.17,Proxy2
31-05-2024,23485.62,Proxy2
30-06-2024,25994.99,Proxy2
31-07-2024,26102.63,Proxy2
31-08-2024,25833.144999999997,Proxy2
30-09-2024,25725.71,Proxy2
31-10-2024,25954.81,Proxy2
30-11-2024,25833.48,Proxy2
31-12-2024,25760.0,Proxy2
31-01-2025,25833.52,Proxy2
28-02-2025,26317.885000000002,Proxy2
31-03-2025,28468.2,Proxy2
30-04-2025,26586.8,Proxy2
31-05-2025,26317.61,Proxy2
30-06-2025,26156.42,Proxy2
31-07-2025,27738.79,Proxy2
31-08-2025,28631.93,Proxy2
30-09-2025,28631.9,Proxy2
31-10-2025,28578.08,Proxy2
30-11-2025,27660.315,Proxy2
31-12-2025,27062.14,Proxy2
31-01-2026,27986.195,Proxy2
31-01-2022,11160.01,Proxy3
28-02-2022,10242.175,Proxy3
31-03-2022,10287.04,Proxy3
30-04-2022,10430.154999999999,Proxy3
31-05-2022,10709.08,Proxy3
30-06-2022,10611.21,Proxy3
31-07-2022,10999.5,Proxy3
31-08-2022,11422.85,Proxy3
30-09-2022,11552.945,Proxy3
31-10-2022,11175.23,Proxy3
30-11-2022,11872.375,Proxy3
31-12-2022,10070.16,Proxy3
31-01-2023,11341.84,Proxy3
28-02-2023,10040.0,Proxy3
31-03-2023,10805.59,Proxy3
30-04-2023,11256.765,Proxy3
31-05-2023,10654.36,Proxy3
30-06-2023,10847.89,Proxy3
31-07-2023,10784.51,Proxy3
31-08-2023,10884.35,Proxy3
30-09-2023,9886.31,Proxy3
31-10-2023,12065.355,Proxy3
30-11-2023,12432.3,Proxy3
31-12-2023,11555.46,Proxy3
31-01-2024,11974.26,Proxy3
29-02-2024,11264.56,Proxy3
31-03-2024,12351.385,Proxy3
30-04-2024,12593.76,Proxy3
31-05-2024,12606.7,Proxy3
30-06-2024,12008.06,Proxy3
31-07-2024,12661.46,Proxy3
31-08-2024,12661.005000000001,Proxy3
30-09-2024,12672.03,Proxy3
31-10-2024,13182.075,Proxy3
30-11-2024,12840.619999999999,Proxy3
31-12-2024,13199.745,Proxy3
31-01-2025,13072.02,Proxy3
28-02-2025,13563.224999999999,Proxy3
31-03-2025,14216.66,Proxy3
30-04-2025,14232.85,Proxy3
31-05-2025,14021.91,Proxy3
30-06-2025,14427.36,Proxy3
31-07-2025,14318.44,Proxy3
31-08-2025,14749.35,Proxy3
30-09-2025,14933.06,Proxy3
31-10-2025,14790.945,Proxy3
30-11-2025,14318.44,Proxy3
31-12-2025,14416.89,Proxy3
31-01-2026,14282.1,Proxy3
